Date,Count
04/04/2026,"2,949,192"
04/03/2026,"3,584,317"
04/02/2026,"3,897,864"
04/01/2026,"4,232,444"
03/31/2026,"4,383,375"
03/30/2026,"3,997,972"
03/29/2026,"2,203,041"
03/28/2026,"2,929,305"
03/27/2026,"4,018,542"
03/26/2026,"4,431,610"
03/25/2026,"4,402,185"
03/24/2026,"4,385,137"
03/23/2026,"3,888,821"
03/22/2026,"2,121,729"
03/21/2026,"2,811,993"
03/20/2026,"3,784,106"
03/19/2026,"4,482,768"
03/18/2026,"4,510,854"
03/17/2026,"4,469,055"
03/16/2026,"3,857,027"
03/15/2026,"2,284,838"
03/14/2026,"2,883,522"
03/13/2026,"4,099,078"
03/12/2026,"4,360,259"
03/11/2026,"4,423,114"
03/10/2026,"4,429,117"
03/09/2026,"4,017,877"
03/08/2026,"2,118,735"
03/07/2026,"2,773,292"
03/06/2026,"4,001,475"
03/05/2026,"4,249,962"
03/04/2026,"4,389,363"
03/03/2026,"4,204,675"
03/02/2026,"3,977,302"
03/01/2026,"2,092,624"
02/28/2026,"2,839,556"
02/27/2026,"4,070,331"
02/26/2026,"4,373,179"
02/25/2026,"4,139,212"
02/24/2026,"3,487,403"
02/23/2026,"830,660"
02/22/2026,"1,439,320"
02/21/2026,"2,710,824"
02/20/2026,"3,550,862"
02/19/2026,"4,052,265"
02/18/2026,"3,974,070"
02/17/2026,"3,797,796"
02/16/2026,"2,560,717"
02/15/2026,"2,247,495"
02/14/2026,"2,839,785"
02/13/2026,"4,034,457"
02/12/2026,"4,266,487"
02/11/2026,"4,377,163"
02/10/2026,"4,283,901"
02/09/2026,"3,807,229"
02/08/2026,"1,769,698"
02/07/2026,"2,358,946"
02/06/2026,"4,020,646"
02/05/2026,"4,432,406"
02/04/2026,"4,439,787"
02/03/2026,"4,397,644"
02/02/2026,"3,985,895"
02/01/2026,"1,981,353"
01/31/2026,"2,581,424"
01/30/2026,"3,957,935"
01/29/2026,"4,395,790"
01/28/2026,"4,332,658"
01/27/2026,"4,059,702"
01/26/2026,"1,755,760"
01/25/2026,"819,623"
01/24/2026,"2,221,402"
01/23/2026,"3,776,980"
01/22/2026,"4,121,459"
01/21/2026,"4,025,339"
01/20/2026,"3,877,447"
01/19/2026,"2,453,300"
01/18/2026,"1,892,975"
01/17/2026,"2,366,112"
01/16/2026,"3,777,244"
01/15/2026,"4,122,446"
01/14/2026,"4,123,499"
01/13/2026,"4,108,806"
01/12/2026,"3,770,308"
01/11/2026,"1,978,534"
01/10/2026,"2,395,364"
01/09/2026,"3,763,800"
01/08/2026,"4,096,415"
01/07/2026,"4,074,540"
01/06/2026,"3,973,013"
01/05/2026,"3,650,793"
01/04/2026,"1,934,593"
01/03/2026,"2,478,271"
01/02/2026,"3,120,979"
01/01/2026,"2,016,827"
12/31/2025,"3,084,643"
12/30/2025,"3,554,107"
12/29/2025,"3,297,161"
12/28/2025,"2,180,348"
12/27/2025,"2,219,293"
12/26/2025,"2,695,535"
12/25/2025,"1,511,985"
12/24/2025,"2,853,461"
12/23/2025,"3,602,331"
12/22/2025,"3,869,528"
12/21/2025,"2,390,530"
12/20/2025,"2,981,831"
12/19/2025,"3,888,599"
12/18/2025,"4,499,832"
12/17/2025,"4,493,497"
12/16/2025,"4,478,870"
12/15/2025,"4,071,120"
12/14/2025,"2,275,321"
12/13/2025,"3,223,814"
12/12/2025,"4,342,252"
12/11/2025,"4,654,787"
12/10/2025,"4,570,883"
12/09/2025,"4,498,157"
12/08/2025,"4,146,910"
12/07/2025,"2,417,625"
12/06/2025,"3,167,060"
12/05/2025,"4,245,175"
12/04/2025,"4,625,030"
12/03/2025,"4,602,770"
12/02/2025,"4,133,004"
12/01/2025,"4,006,207"
11/30/2025,"1,870,396"
11/29/2025,"2,451,340"
11/28/2025,"2,812,012"
11/27/2025,"1,828,134"
11/26/2025,"3,810,090"
11/25/2025,"4,220,008"
11/24/2025,"4,093,423"
11/23/2025,"2,214,468"
11/22/2025,"2,789,019"
11/21/2025,"4,136,195"
11/20/2025,"4,507,934"
11/19/2025,"4,485,722"
11/18/2025,"4,478,041"
11/17/2025,"4,073,219"
11/16/2025,"2,244,614"
11/15/2025,"2,916,948"
11/14/2025,"4,202,637"
11/13/2025,"4,514,518"
11/12/2025,"4,490,139"
11/11/2025,"3,805,525"
11/10/2025,"4,042,262"
11/09/2025,"2,170,348"
11/08/2025,"2,998,303"
11/07/2025,"4,143,987"
11/06/2025,"4,476,845"
11/05/2025,"4,481,565"
11/04/2025,"4,115,365"
11/03/2025,"4,161,669"
11/02/2025,"2,832,239"
11/01/2025,"3,100,676"
10/31/2025,"4,432,080"
10/30/2025,"4,324,588"
10/29/2025,"4,602,493"
10/28/2025,"4,530,266"
10/27/2025,"4,127,115"
10/26/2025,"2,286,150"
10/25/2025,"2,949,713"
10/24/2025,"4,276,483"
10/23/2025,"4,559,508"
10/22/2025,"4,523,614"
10/21/2025,"4,461,061"
10/20/2025,"3,601,800"
10/19/2025,"2,264,572"
10/18/2025,"2,931,765"
10/17/2025,"4,113,843"
10/16/2025,"4,462,590"
10/15/2025,"4,328,358"
10/14/2025,"4,190,034"
10/13/2025,"2,788,416"
10/12/2025,"1,968,515"
10/11/2025,"2,732,324"
10/10/2025,"4,043,304"
10/09/2025,"4,452,806"
10/08/2025,"4,237,976"
10/07/2025,"4,212,383"
10/06/2025,"3,927,545"
10/05/2025,"2,193,758"
10/04/2025,"2,104,373"
10/03/2025,"4,066,815"
10/02/2025,"3,815,531"
10/01/2025,"4,339,922"
09/30/2025,"4,440,014"
09/29/2025,"4,061,628"
09/28/2025,"2,213,509"
09/27/2025,"2,911,538"
09/26/2025,"4,199,816"
09/25/2025,"4,423,394"
09/24/2025,"4,031,358"
09/23/2025,"3,913,543"
09/22/2025,"3,931,188"
09/21/2025,"2,305,677"
09/20/2025,"2,907,031"
09/19/2025,"4,177,680"
09/18/2025,"4,488,401"
09/17/2025,"4,446,829"
09/16/2025,"4,425,430"
09/15/2025,"4,046,573"
09/14/2025,"2,260,774"
09/13/2025,"2,916,067"
09/12/2025,"4,196,585"
09/11/2025,"4,499,093"
09/10/2025,"4,472,327"
09/09/2025,"4,433,601"
09/08/2025,"4,051,429"
09/07/2025,"2,058,463"
09/06/2025,"2,589,586"
09/05/2025,"4,020,205"
09/04/2025,"4,258,378"
09/03/2025,"4,101,293"
09/02/2025,"3,842,843"
09/01/2025,"2,092,253"
08/31/2025,"2,197,950"
08/30/2025,"2,575,973"
08/29/2025,"3,559,792"
08/28/2025,"3,844,830"
08/27/2025,"3,959,633"
08/26/2025,"3,934,641"
08/25/2025,"3,499,592"
08/24/2025,"2,154,935"
08/23/2025,"2,669,472"
08/22/2025,"3,640,772"
08/21/2025,"3,790,576"
08/20/2025,"3,712,709"
08/19/2025,"3,788,813"
08/18/2025,"3,376,936"
08/17/2025,"2,015,821"
08/16/2025,"2,568,833"
08/15/2025,"3,551,008"
08/14/2025,"3,823,077"
08/13/2025,"3,880,241"
08/12/2025,"3,891,327"
08/11/2025,"3,541,477"
08/10/2025,"2,201,175"
08/09/2025,"2,671,051"
08/08/2025,"3,654,469"
08/07/2025,"3,944,318"
08/06/2025,"3,994,828"
08/05/2025,"3,990,441"
08/04/2025,"3,603,453"
08/03/2025,"2,109,148"
08/02/2025,"2,661,432"
08/01/2025,"3,597,962"
07/31/2025,"3,718,979"
07/30/2025,"3,995,693"
07/29/2025,"3,942,701"
07/28/2025,"3,664,264"
07/27/2025,"2,149,759"
07/26/2025,"2,790,923"
07/25/2025,"3,656,150"
07/24/2025,"4,079,094"
07/23/2025,"4,124,410"
07/22/2025,"4,085,230"
07/21/2025,"3,671,940"
07/20/2025,"2,111,747"
07/19/2025,"2,655,440"
07/18/2025,"3,739,145"
07/17/2025,"4,029,813"
07/16/2025,"4,117,704"
07/15/2025,"4,039,160"
07/14/2025,"3,605,195"
07/13/2025,"2,144,413"
07/12/2025,"2,696,784"
07/11/2025,"3,752,472"
07/10/2025,"4,019,506"
07/09/2025,"4,071,286"
07/08/2025,"3,921,235"
07/07/2025,"3,494,924"
07/06/2025,"1,991,884"
07/05/2025,"2,279,010"
07/04/2025,"2,325,024"
07/03/2025,"3,599,213"
07/02/2025,"3,850,919"
07/01/2025,"3,827,420"
06/30/2025,"3,570,724"
06/29/2025,"2,443,017"
06/28/2025,"2,779,328"
06/27/2025,"3,745,156"
06/26/2025,"4,176,259"
06/25/2025,"4,044,532"
06/24/2025,"3,857,783"
06/23/2025,"3,675,099"
06/22/2025,"2,036,654"
06/21/2025,"2,750,049"
06/20/2025,"3,917,085"
06/19/2025,"3,312,985"
06/18/2025,"4,352,533"
06/17/2025,"4,244,501"
06/16/2025,"3,881,697"
06/15/2025,"2,060,343"
06/14/2025,"2,648,754"
06/13/2025,"4,016,599"
06/12/2025,"4,389,106"
06/11/2025,"4,389,844"
06/10/2025,"4,242,094"
06/09/2025,"3,894,637"
06/08/2025,"2,419,073"
06/07/2025,"2,746,462"
06/06/2025,"3,971,366"
06/05/2025,"4,209,248"
06/04/2025,"4,453,078"
06/03/2025,"4,277,676"
06/02/2025,"3,825,105"
06/01/2025,"2,216,471"
05/31/2025,"2,703,804"
05/30/2025,"4,013,939"
05/29/2025,"4,330,609"
05/28/2025,"4,319,577"
05/27/2025,"4,131,820"
05/26/2025,"2,225,230"
05/25/2025,"2,265,268"
05/24/2025,"2,613,079"
05/23/2025,"3,867,945"
05/22/2025,"4,177,436"
05/21/2025,"4,359,486"
05/20/2025,"4,288,364"
05/19/2025,"3,859,712"
05/18/2025,"2,348,810"
05/17/2025,"2,806,907"
05/16/2025,"3,917,793"
05/15/2025,"4,226,351"
05/14/2025,"4,325,655"
05/13/2025,"4,101,901"
05/12/2025,"3,950,681"
05/11/2025,"2,177,273"
05/10/2025,"2,895,080"
05/09/2025,"3,893,760"
05/08/2025,"4,380,539"
05/07/2025,"4,438,683"
05/06/2025,"4,289,517"
05/05/2025,"3,924,272"
05/04/2025,"2,175,053"
05/03/2025,"2,896,423"
05/02/2025,"4,120,612"
05/01/2025,"4,440,098"
04/30/2025,"4,406,705"
04/29/2025,"4,350,681"
04/28/2025,"3,946,503"
04/27/2025,"2,329,464"
04/26/2025,"2,696,077"
04/25/2025,"4,124,744"
04/24/2025,"4,419,648"
04/23/2025,"4,402,438"
04/22/2025,"4,307,321"
04/21/2025,"3,806,992"
04/20/2025,"2,100,218"
04/19/2025,"2,880,379"
04/18/2025,"3,551,334"
04/17/2025,"4,077,460"
04/16/2025,"4,059,487"
04/15/2025,"3,997,927"
04/14/2025,"3,598,255"
04/13/2025,"2,180,093"
04/12/2025,"2,528,127"
04/11/2025,"3,864,826"
04/10/2025,"4,299,477"
04/09/2025,"4,343,794"
04/08/2025,"4,324,220"
04/07/2025,"3,848,628"
04/06/2025,"2,059,867"
04/05/2025,"2,658,935"
04/04/2025,"3,990,036"
04/03/2025,"4,286,943"
04/02/2025,"4,320,984"
04/01/2025,"4,247,056"
03/31/2025,"3,414,357"
03/30/2025,"2,055,899"
03/29/2025,"2,887,283"
03/28/2025,"3,878,481"
03/27/2025,"4,263,378"
03/26/2025,"4,237,196"
03/25/2025,"4,214,256"
03/24/2025,"3,650,582"
03/23/2025,"2,007,695"
03/22/2025,"2,653,512"
03/21/2025,"3,873,120"
03/20/2025,"4,191,910"
03/19/2025,"4,274,997"
03/18/2025,"4,232,297"
03/17/2025,"3,751,313"
03/16/2025,"2,111,229"
03/15/2025,"2,686,698"
03/14/2025,"3,926,685"
03/13/2025,"4,265,918"
03/12/2025,"4,273,439"
03/11/2025,"4,220,071"
03/10/2025,"3,849,712"
03/09/2025,"1,991,779"
03/08/2025,"2,662,053"
03/07/2025,"3,877,969"
03/06/2025,"4,177,390"
03/05/2025,"4,139,402"
03/04/2025,"4,178,706"
03/03/2025,"3,783,633"
03/02/2025,"1,943,509"
03/01/2025,"2,655,494"
02/28/2025,"3,867,670"
02/27/2025,"4,123,434"
02/26/2025,"4,202,962"
02/25/2025,"4,094,456"
02/24/2025,"3,722,403"
02/23/2025,"1,905,750"
02/22/2025,"2,492,096"
02/21/2025,"3,481,093"
02/20/2025,"3,822,211"
02/19/2025,"3,830,039"
02/18/2025,"3,698,061"
02/17/2025,"2,458,343"
02/16/2025,"1,809,213"
02/15/2025,"2,355,977"
02/14/2025,"3,855,445"
02/13/2025,"4,098,104"
02/12/2025,"3,940,993"
02/11/2025,"4,111,749"
02/10/2025,"3,746,029"
02/09/2025,"1,850,257"
02/08/2025,"2,538,395"
02/07/2025,"3,861,700"
02/06/2025,"3,885,191"
02/05/2025,"4,182,058"
02/04/2025,"4,150,390"
02/03/2025,"3,695,940"
02/02/2025,"1,848,424"
02/01/2025,"2,483,263"
01/31/2025,"3,624,121"
01/30/2025,"4,088,389"
01/29/2025,"3,735,444"
01/28/2025,"4,057,100"
01/27/2025,"3,612,704"
01/26/2025,"1,882,291"
01/25/2025,"2,486,799"
01/24/2025,"3,584,146"
01/23/2025,"3,870,712"
01/22/2025,"3,745,833"
01/21/2025,"3,624,134"
01/20/2025,"2,216,281"
01/19/2025,"1,828,934"
01/18/2025,"2,336,087"
01/17/2025,"3,604,425"
01/16/2025,"3,919,882"
01/15/2025,"3,927,198"
01/14/2025,"3,901,919"
01/13/2025,"3,565,093"
01/12/2025,"1,832,507"
01/11/2025,"2,333,104"
01/10/2025,"3,561,095"
01/09/2025,"3,757,580"
01/08/2025,"3,834,806"
01/07/2025,"3,784,051"
01/06/2025,"3,437,198"
01/05/2025,"1,791,537"
01/04/2025,"2,315,791"
01/03/2025,"3,413,456"
01/02/2025,"3,377,364"
01/01/2025,"1,779,501"
12/31/2024,"2,874,166"
12/30/2024,"3,316,046"
12/29/2024,"2,122,120"
12/28/2024,"2,268,511"
12/27/2024,"3,161,486"
12/26/2024,"2,852,679"
12/25/2024,"1,378,374"
12/24/2024,"2,546,394"
12/23/2024,"3,216,875"
12/22/2024,"2,061,173"
12/21/2024,"2,645,323"
12/20/2024,"3,842,344"
12/19/2024,"4,255,466"
12/18/2024,"4,292,792"
12/17/2024,"4,341,385"
12/16/2024,"3,866,550"
12/15/2024,"2,337,436"
12/14/2024,"3,123,454"
12/13/2024,"4,178,812"
12/12/2024,"4,527,892"
12/11/2024,"4,255,328"
12/10/2024,"4,374,063"
12/09/2024,"3,941,361"
12/08/2024,"2,348,950"
12/07/2024,"3,017,208"
12/06/2024,"4,121,085"
12/05/2024,"4,354,863"
12/04/2024,"4,374,883"
12/03/2024,"4,240,442"
12/02/2024,"3,813,795"
12/01/2024,"1,893,492"
11/30/2024,"2,319,981"
11/29/2024,"2,677,499"
11/28/2024,"1,513,447"
11/27/2024,"3,710,430"
11/26/2024,"4,030,009"
11/25/2024,"3,914,213"
11/24/2024,"2,075,015"
11/23/2024,"2,720,244"
11/22/2024,"3,854,860"
11/21/2024,"4,217,744"
11/20/2024,"4,298,945"
11/19/2024,"4,277,932"
11/18/2024,"3,900,958"
11/17/2024,"2,101,806"
11/16/2024,"2,789,132"
11/15/2024,"3,986,526"
11/14/2024,"4,296,568"
11/13/2024,"4,331,024"
11/12/2024,"4,263,199"
11/11/2024,"3,277,617"
11/10/2024,"2,117,144"
11/09/2024,"2,770,474"
11/08/2024,"3,971,878"
11/07/2024,"4,232,190"
11/06/2024,"4,113,411"
11/05/2024,"3,640,246"
11/04/2024,"3,949,699"
11/03/2024,"2,602,870"
11/02/2024,"2,817,106"
11/01/2024,"3,780,874"
10/31/2024,"4,340,272"
10/30/2024,"4,417,951"
10/29/2024,"4,378,791"
10/28/2024,"3,983,168"
10/27/2024,"2,208,683"
10/26/2024,"2,828,539"
10/25/2024,"4,019,790"
10/24/2024,"4,304,831"
10/23/2024,"4,276,606"
10/22/2024,"4,218,881"
10/21/2024,"3,842,315"
10/20/2024,"2,176,476"
10/19/2024,"2,752,350"
10/18/2024,"4,030,998"
10/17/2024,"4,309,633"
10/16/2024,"4,357,117"
10/15/2024,"4,284,818"
10/14/2024,"3,066,851"
10/13/2024,"2,153,429"
10/12/2024,"2,587,128"
10/11/2024,"3,868,564"
10/10/2024,"4,329,161"
10/09/2024,"4,313,211"
10/08/2024,"4,256,950"
10/07/2024,"3,847,055"
10/06/2024,"2,065,294"
10/05/2024,"2,710,146"
10/04/2024,"3,506,654"
10/03/2024,"3,627,528"
10/02/2024,"4,068,073"
10/01/2024,"4,179,363"
09/30/2024,"3,849,138"
09/29/2024,"1,959,363"
09/28/2024,"2,557,982"
09/27/2024,"3,945,383"
09/26/2024,"4,295,723"
09/25/2024,"4,335,945"
09/24/2024,"4,323,708"
09/23/2024,"3,898,806"
09/22/2024,"2,131,910"
09/21/2024,"2,744,632"
09/20/2024,"3,933,048"
09/19/2024,"4,255,184"
09/18/2024,"4,232,888"
09/17/2024,"4,189,311"
09/16/2024,"3,821,428"
09/15/2024,"2,161,737"
09/14/2024,"2,706,474"
09/13/2024,"3,911,412"
09/12/2024,"4,232,214"
09/11/2024,"4,214,707"
09/10/2024,"4,182,405"
09/09/2024,"3,811,344"
09/08/2024,"2,101,048"
09/07/2024,"2,479,639"
09/06/2024,"3,794,952"
09/05/2024,"4,033,322"
09/04/2024,"3,868,854"
09/03/2024,"3,629,404"
09/02/2024,"2,007,446"
09/01/2024,"1,969,350"
08/31/2024,"2,158,004"
08/30/2024,"3,152,242"
08/29/2024,"3,438,760"
08/28/2024,"3,516,674"
08/27/2024,"3,477,101"
08/26/2024,"3,113,498"
08/25/2024,"1,905,818"
08/24/2024,"2,332,624"
08/23/2024,"3,209,666"
08/22/2024,"3,427,911"
08/21/2024,"3,498,651"
08/20/2024,"3,475,888"
08/19/2024,"3,076,559"
08/18/2024,"1,713,050"
08/17/2024,"2,256,233"
08/16/2024,"3,198,733"
08/15/2024,"3,495,671"
08/14/2024,"3,544,668"
08/13/2024,"3,491,612"
08/12/2024,"3,169,180"
08/11/2024,"1,918,748"
08/10/2024,"2,356,405"
08/09/2024,"3,041,276"
08/08/2024,"3,490,217"
08/07/2024,"3,511,253"
08/06/2024,"3,462,581"
08/05/2024,"3,222,601"
08/04/2024,"1,752,861"
08/03/2024,"2,200,373"
08/02/2024,"3,153,955"
08/01/2024,"3,544,663"
07/31/2024,"3,576,343"
07/30/2024,"3,590,241"
07/29/2024,"3,202,281"
07/28/2024,"1,851,383"
07/27/2024,"2,306,948"
07/26/2024,"3,288,849"
07/25/2024,"3,638,351"
07/24/2024,"3,656,472"
07/23/2024,"3,606,656"
07/22/2024,"3,235,343"
07/21/2024,"1,877,704"
07/20/2024,"2,269,647"
07/19/2024,"3,372,874"
07/18/2024,"3,637,826"
07/17/2024,"3,651,756"
07/16/2024,"3,594,150"
07/15/2024,"3,259,800"
07/14/2024,"1,869,670"
07/13/2024,"2,203,283"
07/12/2024,"3,261,074"
07/11/2024,"3,688,029"
07/10/2024,"3,691,835"
07/09/2024,"3,605,032"
07/08/2024,"3,228,784"
07/07/2024,"1,804,572"
07/06/2024,"2,100,877"
07/05/2024,"2,700,734"
07/04/2024,"1,992,244"
07/03/2024,"3,409,357"
07/02/2024,"3,542,073"
07/01/2024,"3,273,546"
06/30/2024,"2,002,269"
06/29/2024,"2,454,997"
06/28/2024,"3,522,732"
06/27/2024,"3,776,811"
06/26/2024,"3,901,100"
06/25/2024,"3,831,447"
06/24/2024,"3,467,845"
06/23/2024,"1,908,786"
06/22/2024,"2,385,207"
06/21/2024,"3,500,365"
06/20/2024,"3,857,797"
06/19/2024,"3,046,320"
06/18/2024,"3,920,839"
06/17/2024,"3,325,104"
06/16/2024,"1,897,201"
06/15/2024,"2,431,810"
06/14/2024,"3,517,062"
06/13/2024,"3,936,941"
06/12/2024,"3,977,760"
06/11/2024,"3,995,425"
06/10/2024,"3,702,212"
06/09/2024,"2,134,551"
06/08/2024,"2,673,220"
06/07/2024,"3,752,412"
06/06/2024,"3,774,324"
06/05/2024,"4,051,943"
06/04/2024,"3,979,793"
06/03/2024,"3,611,491"
06/02/2024,"1,978,037"
06/01/2024,"2,446,153"
05/31/2024,"3,688,627"
05/30/2024,"3,979,959"
05/29/2024,"4,006,764"
05/28/2024,"3,825,781"
05/27/2024,"1,667,890"
05/26/2024,"2,019,012"
05/25/2024,"2,347,159"
05/24/2024,"3,583,244"
05/23/2024,"3,863,099"
05/22/2024,"4,104,021"
05/21/2024,"4,029,557"
05/20/2024,"3,682,061"
05/19/2024,"2,121,485"
05/18/2024,"2,691,368"
05/17/2024,"3,816,914"
05/16/2024,"4,105,026"
05/15/2024,"4,114,615"
05/14/2024,"4,116,655"
05/13/2024,"3,703,066"
05/12/2024,"1,858,872"
05/11/2024,"2,648,580"
05/10/2024,"3,677,268"
05/09/2024,"4,086,528"
05/08/2024,"4,087,477"
05/07/2024,"4,098,321"
05/06/2024,"3,652,105"
05/05/2024,"1,889,174"
05/04/2024,"2,563,658"
05/03/2024,"3,780,888"
05/02/2024,"4,061,242"
05/01/2024,"4,032,791"
04/30/2024,"3,638,986"
04/29/2024,"3,323,706"
04/28/2024,"2,084,950"
04/27/2024,"2,506,779"
04/26/2024,"3,431,590"
04/25/2024,"3,723,894"
04/24/2024,"3,608,010"
04/23/2024,"3,522,218"
04/22/2024,"3,219,677"
04/21/2024,"1,918,237"
04/20/2024,"2,537,525"
04/19/2024,"3,705,782"
04/18/2024,"3,966,226"
04/17/2024,"4,021,256"
04/16/2024,"4,033,514"
04/15/2024,"3,704,177"
04/14/2024,"2,068,885"
04/13/2024,"2,535,112"
04/12/2024,"3,668,439"
04/11/2024,"4,000,485"
04/10/2024,"3,791,945"
04/09/2024,"4,042,674"
04/08/2024,"3,506,719"
04/07/2024,"1,899,641"
04/06/2024,"2,477,127"
04/05/2024,"3,800,800"
04/04/2024,"4,100,733"
04/03/2024,"3,890,305"
04/02/2024,"3,900,061"
04/01/2024,"3,321,989"
03/31/2024,"1,936,295"
03/30/2024,"2,526,569"
03/29/2024,"3,372,535"
03/28/2024,"3,910,547"
03/27/2024,"4,014,011"
03/26/2024,"3,969,793"
03/25/2024,"3,583,716"
03/24/2024,"1,912,946"
03/23/2024,"1,863,863"
03/22/2024,"3,581,959"
03/21/2024,"3,862,248"
03/20/2024,"3,886,104"
03/19/2024,"3,869,116"
03/18/2024,"3,482,565"
03/17/2024,"1,972,170"
03/16/2024,"2,553,056"
03/15/2024,"3,643,013"
03/14/2024,"4,049,186"
03/13/2024,"4,024,943"
03/12/2024,"3,988,438"
03/11/2024,"3,497,588"
03/10/2024,"1,803,578"
03/09/2024,"2,128,635"
03/08/2024,"3,685,219"
03/07/2024,"3,893,731"
03/06/2024,"3,865,589"
03/05/2024,"3,819,514"
03/04/2024,"3,539,671"
03/03/2024,"1,961,510"
03/02/2024,"2,094,029"
03/01/2024,"3,573,658"
02/29/2024,"3,905,888"
02/28/2024,"3,784,177"
02/27/2024,"3,802,458"
02/26/2024,"3,439,079"
02/25/2024,"1,740,477"
02/24/2024,"2,308,808"
02/23/2024,"3,219,121"
02/22/2024,"3,588,173"
02/21/2024,"3,591,484"
02/20/2024,"3,490,990"
02/19/2024,"2,244,741"
02/18/2024,"1,850,840"
02/17/2024,"2,178,047"
02/16/2024,"3,504,536"
02/15/2024,"3,874,860"
02/14/2024,"3,963,628"
02/13/2024,"2,273,584"
02/12/2024,"3,374,596"
02/11/2024,"1,774,698"
02/10/2024,"2,385,448"
02/09/2024,"3,547,321"
02/08/2024,"3,903,673"
02/07/2024,"3,900,992"
02/06/2024,"3,857,533"
02/05/2024,"3,481,777"
02/04/2024,"1,742,107"
02/03/2024,"2,324,038"
02/02/2024,"3,457,807"
02/01/2024,"3,814,682"
01/31/2024,"3,808,584"
01/30/2024,"3,717,520"
01/29/2024,"3,297,571"
01/28/2024,"1,549,077"
01/27/2024,"2,283,244"
01/26/2024,"3,380,816"
01/25/2024,"3,681,867"
01/24/2024,"3,666,907"
01/23/2024,"3,652,488"
01/22/2024,"3,305,387"
01/21/2024,"1,576,126"
01/20/2024,"2,024,041"
01/19/2024,"3,176,408"
01/18/2024,"3,655,850"
01/17/2024,"3,616,923"
01/16/2024,"3,235,935"
01/15/2024,"2,169,917"
01/14/2024,"1,743,556"
01/13/2024,"2,167,383"
01/12/2024,"3,365,791"
01/11/2024,"3,688,916"
01/10/2024,"3,557,166"
01/09/2024,"3,353,192"
01/08/2024,"3,303,727"
01/07/2024,"1,472,438"
01/06/2024,"1,942,458"
01/05/2024,"3,263,064"
01/04/2024,"3,560,703"
01/03/2024,"3,555,082"
01/02/2024,"3,290,639"
01/01/2024,"1,648,734"
12/31/2023,"1,934,651"
12/30/2023,"2,440,211"
12/29/2023,"3,198,885"
12/28/2023,"3,064,841"
12/27/2023,"2,912,007"
12/26/2023,"2,668,642"
12/25/2023,"1,273,729"
12/24/2023,"1,657,096"
12/23/2023,"2,244,175"
12/22/2023,"3,372,318"
12/21/2023,"3,675,448"
12/20/2023,"3,838,407"
12/19/2023,"3,912,934"
12/18/2023,"3,314,782"
12/17/2023,"1,954,707"
12/16/2023,"2,866,544"
12/15/2023,"3,845,234"
12/14/2023,"4,122,091"
12/13/2023,"4,067,457"
12/12/2023,"4,051,574"
12/11/2023,"3,642,743"
12/10/2023,"1,838,048"
12/09/2023,"2,922,085"
12/08/2023,"3,863,961"
12/07/2023,"4,088,438"
12/06/2023,"4,116,059"
12/05/2023,"3,991,835"
12/04/2023,"3,709,458"
12/03/2023,"1,827,959"
12/02/2023,"2,748,170"
12/01/2023,"3,723,171"
11/30/2023,"4,072,271"
11/29/2023,"4,032,882"
11/28/2023,"3,916,476"
11/27/2023,"3,523,494"
11/26/2023,"1,686,490"
11/25/2023,"2,123,590"
11/24/2023,"2,457,591"
11/23/2023,"1,628,385"
11/22/2023,"3,378,351"
11/21/2023,"3,774,952"
11/20/2023,"3,647,283"
11/19/2023,"1,943,926"
11/18/2023,"2,477,547"
11/17/2023,"3,741,391"
11/16/2023,"4,048,862"
11/15/2023,"4,036,442"
11/14/2023,"3,991,767"
11/13/2023,"3,597,029"
11/12/2023,"1,947,270"
11/11/2023,"2,588,540"
11/10/2023,"3,611,367"
11/09/2023,"4,020,939"
11/08/2023,"4,066,029"
11/07/2023,"3,655,078"
11/06/2023,"3,686,141"
11/05/2023,"2,310,457"
11/04/2023,"2,588,115"
11/03/2023,"3,808,235"
11/02/2023,"4,082,807"
11/01/2023,"4,043,524"
10/31/2023,"4,016,482"
10/30/2023,"3,623,778"
10/29/2023,"1,834,459"
10/28/2023,"2,743,759"
10/27/2023,"3,853,546"
10/26/2023,"4,142,420"
10/25/2023,"4,120,011"
10/24/2023,"4,040,571"
10/23/2023,"3,667,240"
10/22/2023,"1,983,271"
10/21/2023,"2,438,387"
10/20/2023,"3,616,336"
10/19/2023,"4,121,563"
10/18/2023,"4,074,460"
10/17/2023,"4,021,342"
10/16/2023,"3,661,144"
10/15/2023,"2,013,096"
10/14/2023,"2,219,786"
10/13/2023,"3,560,964"
10/12/2023,"4,104,598"
10/11/2023,"4,056,504"
10/10/2023,"3,954,925"
10/09/2023,"2,833,654"
10/08/2023,"2,044,534"
10/07/2023,"2,199,478"
10/06/2023,"3,639,729"
10/05/2023,"4,030,304"
10/04/2023,"4,026,878"
10/03/2023,"4,008,201"
10/02/2023,"3,649,389"
10/01/2023,"1,995,361"
09/30/2023,"2,205,573"
09/29/2023,"2,467,295"
09/28/2023,"4,051,444"
09/27/2023,"4,074,930"
09/26/2023,"3,946,624"
09/25/2023,"2,885,921"
09/24/2023,"1,701,656"
09/23/2023,"2,116,140"
09/22/2023,"3,840,412"
09/21/2023,"4,139,288"
09/20/2023,"4,179,861"
09/19/2023,"4,140,301"
09/18/2023,"3,539,047"
09/17/2023,"1,988,003"
09/16/2023,"2,446,139"
09/15/2023,"3,694,845"
09/14/2023,"4,045,169"
09/13/2023,"3,938,516"
09/12/2023,"4,014,480"
09/11/2023,"3,596,538"
09/10/2023,"1,822,230"
09/09/2023,"2,425,515"
09/08/2023,"3,609,701"
09/07/2023,"3,867,746"
09/06/2023,"3,712,071"
09/05/2023,"3,483,755"
09/04/2023,"1,879,819"
09/03/2023,"2,013,506"
09/02/2023,"2,307,416"
09/01/2023,"3,196,284"
08/31/2023,"3,450,532"
08/30/2023,"3,462,970"
08/29/2023,"3,401,088"
08/28/2023,"3,121,505"
08/27/2023,"1,909,806"
08/26/2023,"2,281,885"
08/25/2023,"3,034,255"
08/24/2023,"3,297,927"
08/23/2023,"3,412,842"
08/22/2023,"3,352,769"
08/21/2023,"2,971,166"
08/20/2023,"1,870,625"
08/19/2023,"2,358,962"
08/18/2023,"3,182,516"
08/17/2023,"3,385,056"
08/16/2023,"3,447,648"
08/15/2023,"3,385,996"
08/14/2023,"3,092,801"
08/13/2023,"1,953,558"
08/12/2023,"2,366,787"
08/11/2023,"3,311,714"
08/10/2023,"3,429,304"
08/09/2023,"3,613,062"
08/08/2023,"3,510,047"
08/07/2023,"3,041,001"
08/06/2023,"1,910,841"
08/05/2023,"2,364,364"
08/04/2023,"3,228,510"
08/03/2023,"3,609,076"
08/02/2023,"3,640,307"
08/01/2023,"3,598,379"
07/31/2023,"3,204,920"
07/30/2023,"1,952,433"
07/29/2023,"2,251,524"
07/28/2023,"3,266,199"
07/27/2023,"3,580,012"
07/26/2023,"3,758,378"
07/25/2023,"3,630,414"
07/24/2023,"3,255,379"
07/23/2023,"1,984,503"
07/22/2023,"2,459,990"
07/21/2023,"3,227,154"
07/20/2023,"3,711,017"
07/19/2023,"3,679,343"
07/18/2023,"3,584,819"
07/17/2023,"3,282,092"
07/16/2023,"1,599,858"
07/15/2023,"2,326,054"
07/14/2023,"3,209,393"
07/13/2023,"3,648,007"
07/12/2023,"3,696,737"
07/11/2023,"3,613,670"
07/10/2023,"3,208,730"
07/09/2023,"1,776,607"
07/08/2023,"2,308,794"
07/07/2023,"3,292,266"
07/06/2023,"3,494,806"
07/05/2023,"3,318,379"
07/04/2023,"1,791,179"
07/03/2023,"2,662,052"
07/02/2023,"1,783,757"
07/01/2023,"2,239,529"
06/30/2023,"3,259,767"
06/29/2023,"3,653,631"
06/28/2023,"3,634,270"
06/27/2023,"3,744,227"
06/26/2023,"3,341,322"
06/25/2023,"2,222,704"
06/24/2023,"2,467,994"
06/23/2023,"3,470,575"
06/22/2023,"3,782,472"
06/21/2023,"3,902,298"
06/20/2023,"3,782,810"
06/19/2023,"2,636,887"
06/18/2023,"1,977,582"
06/17/2023,"2,399,521"
06/16/2023,"3,395,938"
06/15/2023,"3,928,393"
06/14/2023,"3,893,073"
06/13/2023,"3,968,160"
06/12/2023,"3,479,404"
06/11/2023,"2,075,651"
06/10/2023,"2,608,756"
06/09/2023,"3,425,232"
06/08/2023,"3,268,529"
06/07/2023,"3,743,889"
06/06/2023,"3,929,131"
06/05/2023,"3,544,106"
06/04/2023,"1,988,330"
06/03/2023,"2,411,704"
06/02/2023,"3,626,490"
06/01/2023,"3,894,167"
05/31/2023,"3,911,382"
05/30/2023,"3,714,864"
05/29/2023,"1,952,779"
05/28/2023,"2,029,088"
05/27/2023,"2,375,741"
05/26/2023,"3,496,511"
05/25/2023,"3,859,385"
05/24/2023,"3,960,264"
05/23/2023,"3,929,003"
05/22/2023,"3,571,748"
05/21/2023,"2,132,724"
05/20/2023,"2,314,672"
05/19/2023,"3,789,929"
05/18/2023,"4,082,154"
05/17/2023,"4,104,786"
05/16/2023,"4,002,015"
05/15/2023,"3,553,443"
05/14/2023,"1,926,966"
05/13/2023,"2,487,178"
05/12/2023,"3,723,192"
05/11/2023,"4,015,942"
05/10/2023,"4,014,009"
05/09/2023,"3,925,555"
05/08/2023,"3,563,340"
05/07/2023,"2,033,790"
05/06/2023,"2,563,102"
05/05/2023,"3,759,375"
05/04/2023,"3,985,001"
05/03/2023,"4,030,601"
05/02/2023,"3,961,858"
05/01/2023,"3,664,755"
04/30/2023,"1,744,098"
04/29/2023,"2,179,978"
04/28/2023,"3,703,088"
04/27/2023,"3,999,831"
04/26/2023,"3,994,837"
04/25/2023,"3,956,922"
04/24/2023,"3,561,262"
04/23/2023,"1,923,243"
04/22/2023,"2,506,140"
04/21/2023,"3,492,257"
04/20/2023,"4,002,433"
04/19/2023,"3,927,706"
04/18/2023,"3,862,133"
04/17/2023,"3,418,834"
04/16/2023,"1,864,753"
04/15/2023,"2,365,464"
04/14/2023,"3,471,420"
04/13/2023,"3,628,304"
04/12/2023,"3,576,687"
04/11/2023,"3,537,843"
04/10/2023,"3,142,740"
04/09/2023,"1,855,826"
04/08/2023,"2,393,347"
04/07/2023,"3,130,675"
04/06/2023,"3,421,271"
04/05/2023,"3,799,965"
04/04/2023,"3,906,882"
04/03/2023,"3,597,785"
04/02/2023,"1,949,665"
04/01/2023,"2,283,533"
03/31/2023,"3,573,735"
03/30/2023,"3,860,289"
03/29/2023,"3,872,948"
03/28/2023,"3,765,920"
03/27/2023,"3,397,258"
03/26/2023,"1,939,984"
03/25/2023,"2,153,554"
03/24/2023,"3,534,300"
03/23/2023,"3,774,396"
03/22/2023,"3,797,399"
03/21/2023,"3,801,084"
03/20/2023,"3,442,589"
03/19/2023,"1,894,476"
03/18/2023,"2,417,873"
03/17/2023,"3,661,519"
03/16/2023,"3,949,788"
03/15/2023,"3,912,366"
03/14/2023,"3,577,250"
03/13/2023,"3,352,388"
03/12/2023,"1,773,585"
03/11/2023,"2,230,530"
03/10/2023,"3,502,339"
03/09/2023,"3,827,656"
03/08/2023,"3,842,861"
03/07/2023,"3,773,780"
03/06/2023,"3,427,019"
03/05/2023,"1,772,121"
03/04/2023,"2,173,217"
03/03/2023,"3,481,830"
03/02/2023,"3,765,925"
03/01/2023,"3,780,713"
02/28/2023,"3,412,079"
02/27/2023,"3,337,916"
02/26/2023,"1,625,191"
02/25/2023,"2,043,635"
02/24/2023,"3,246,699"
02/23/2023,"3,498,367"
02/22/2023,"3,454,362"
02/21/2023,"3,325,542"
02/20/2023,"2,238,557"
02/19/2023,"1,824,136"
02/18/2023,"2,271,106"
02/17/2023,"3,253,165"
02/16/2023,"3,683,782"
02/15/2023,"3,762,817"
02/14/2023,"3,812,943"
02/13/2023,"3,303,337"
02/12/2023,"1,746,099"
02/11/2023,"2,333,625"
02/10/2023,"3,539,529"
02/09/2023,"3,754,859"
02/08/2023,"3,780,682"
02/07/2023,"3,738,539"
02/06/2023,"3,372,445"
02/05/2023,"1,625,375"
02/04/2023,"1,742,435"
02/03/2023,"3,189,550"
02/02/2023,"3,699,932"
02/01/2023,"3,682,758"
01/31/2023,"3,654,404"
01/30/2023,"3,223,530"
01/29/2023,"1,637,398"
01/28/2023,"2,248,107"
01/27/2023,"3,335,372"
01/26/2023,"3,629,029"
01/25/2023,"3,511,071"
01/24/2023,"3,566,756"
01/23/2023,"3,135,214"
01/22/2023,"1,593,386"
01/21/2023,"2,137,169"
01/20/2023,"3,375,887"
01/19/2023,"3,492,226"
01/18/2023,"3,603,344"
01/17/2023,"3,451,604"
01/16/2023,"2,172,218"
01/15/2023,"1,705,804"
01/14/2023,"2,072,387"
01/13/2023,"3,270,020"
01/12/2023,"3,472,709"
01/11/2023,"3,508,962"
01/10/2023,"3,469,177"
01/09/2023,"3,145,743"
01/08/2023,"1,610,764"
01/07/2023,"2,116,138"
01/06/2023,"3,229,858"
01/05/2023,"3,428,520"
01/04/2023,"3,413,052"
01/03/2023,"3,175,777"
01/02/2023,"1,938,154"
01/01/2023,"1,675,507"
12/31/2022,"1,927,101"
12/30/2022,"3,063,480"
12/29/2022,"3,039,432"
12/28/2022,"2,947,028"
12/27/2022,"2,729,514"
12/26/2022,"1,812,842"
12/25/2022,"1,008,452"
12/24/2022,"1,411,469"
12/23/2022,"2,738,016"
12/22/2022,"3,187,083"
12/21/2022,"3,563,236"
12/20/2022,"3,586,084"
12/19/2022,"3,381,411"
12/18/2022,"1,967,199"
12/17/2022,"2,577,771"
12/16/2022,"3,270,016"
12/15/2022,"3,726,154"
12/14/2022,"3,777,173"
12/13/2022,"3,763,568"
12/12/2022,"3,466,978"
12/11/2022,"1,865,579"
12/10/2022,"2,663,493"
12/09/2022,"3,710,928"
12/08/2022,"3,931,499"
12/07/2022,"3,835,333"
12/06/2022,"3,753,299"
12/05/2022,"3,481,640"
12/04/2022,"1,990,479"
12/03/2022,"2,291,687"
12/02/2022,"3,600,504"
12/01/2022,"3,770,495"
11/30/2022,"3,568,413"
11/29/2022,"3,596,894"
11/28/2022,"3,265,971"
11/27/2022,"1,476,228"
11/26/2022,"1,999,608"
11/25/2022,"2,058,658"
11/24/2022,"1,382,266"
11/23/2022,"3,263,998"
11/22/2022,"3,548,882"
11/21/2022,"3,363,626"
11/20/2022,"1,721,187"
11/19/2022,"2,323,449"
11/18/2022,"3,539,202"
11/17/2022,"3,797,815"
11/16/2022,"3,751,773"
11/15/2022,"3,713,627"
11/14/2022,"3,401,075"
11/13/2022,"1,794,024"
11/12/2022,"2,431,419"
11/11/2022,"2,994,708"
11/10/2022,"3,802,230"
11/09/2022,"3,772,030"
11/08/2022,"3,431,700"
11/07/2022,"3,456,868"
11/06/2022,"2,116,063"
11/05/2022,"2,449,943"
11/04/2022,"3,586,358"
11/03/2022,"3,802,455"
11/02/2022,"3,788,123"
11/01/2022,"3,706,707"
10/31/2022,"3,410,892"
10/30/2022,"1,875,953"
10/29/2022,"2,440,601"
10/28/2022,"3,624,748"
10/27/2022,"3,892,985"
10/26/2022,"3,794,534"
10/25/2022,"3,712,582"
10/24/2022,"3,357,840"
10/23/2022,"1,740,520"
10/22/2022,"2,430,406"
10/21/2022,"3,570,334"
10/20/2022,"3,810,901"
10/19/2022,"3,814,404"
10/18/2022,"3,693,627"
10/17/2022,"3,314,497"
10/16/2022,"1,773,903"
10/15/2022,"2,363,501"
10/14/2022,"3,578,772"
10/13/2022,"3,682,799"
10/12/2022,"3,776,129"
10/11/2022,"3,649,405"
10/10/2022,"2,556,722"
10/09/2022,"1,917,721"
10/08/2022,"2,397,249"
10/07/2022,"3,591,080"
10/06/2022,"3,848,909"
10/05/2022,"3,077,346"
10/04/2022,"3,397,689"
10/03/2022,"3,370,048"
10/02/2022,"1,621,851"
10/01/2022,"2,032,983"
09/30/2022,"3,503,239"
09/29/2022,"3,707,751"
09/28/2022,"3,712,354"
09/27/2022,"3,204,114"
09/26/2022,"2,812,853"
09/25/2022,"1,759,832"
09/24/2022,"2,377,091"
09/23/2022,"3,626,482"
09/22/2022,"3,732,919"
09/21/2022,"3,878,782"
09/20/2022,"3,767,024"
09/19/2022,"3,369,999"
09/18/2022,"1,844,317"
09/17/2022,"2,350,888"
09/16/2022,"3,502,358"
09/15/2022,"3,747,731"
09/14/2022,"3,741,978"
09/13/2022,"3,618,354"
09/12/2022,"3,382,150"
09/11/2022,"1,737,251"
09/10/2022,"2,356,865"
09/09/2022,"3,481,756"
09/08/2022,"3,644,407"
09/07/2022,"3,444,556"
09/06/2022,"3,063,503"
09/05/2022,"1,691,887"
09/04/2022,"1,802,349"
09/03/2022,"2,116,811"
09/02/2022,"2,925,306"
09/01/2022,"3,114,667"
08/31/2022,"3,144,027"
08/30/2022,"3,091,873"
08/29/2022,"2,836,374"
08/28/2022,"1,651,689"
08/27/2022,"2,066,542"
08/26/2022,"2,863,653"
08/25/2022,"3,090,901"
08/24/2022,"3,020,710"
08/23/2022,"2,992,615"
08/22/2022,"2,622,885"
08/21/2022,"1,619,422"
08/20/2022,"2,038,622"
08/19/2022,"2,918,737"
08/18/2022,"3,077,928"
08/17/2022,"3,074,027"
08/16/2022,"3,045,892"
08/15/2022,"2,768,347"
08/14/2022,"1,677,803"
08/13/2022,"2,089,217"
08/12/2022,"2,963,913"
08/11/2022,"3,093,548"
08/10/2022,"3,134,434"
08/09/2022,"3,013,784"
08/08/2022,"2,705,428"
08/07/2022,"1,542,311"
08/06/2022,"1,999,580"
08/05/2022,"2,822,155"
08/04/2022,"3,049,076"
08/03/2022,"3,124,038"
08/02/2022,"3,070,101"
08/01/2022,"2,739,262"
07/31/2022,"1,649,097"
07/30/2022,"2,074,421"
07/29/2022,"2,932,846"
07/28/2022,"3,151,913"
07/27/2022,"3,232,796"
07/26/2022,"3,175,001"
07/25/2022,"2,727,722"
07/24/2022,"1,596,195"
07/23/2022,"2,028,696"
07/22/2022,"2,942,752"
07/21/2022,"3,109,097"
07/20/2022,"3,190,942"
07/19/2022,"3,169,016"
07/18/2022,"2,720,012"
07/17/2022,"1,674,922"
07/16/2022,"2,093,206"
07/15/2022,"3,021,651"
07/14/2022,"3,203,104"
07/13/2022,"3,229,387"
07/12/2022,"3,148,320"
07/11/2022,"2,876,587"
07/10/2022,"1,681,041"
07/09/2022,"2,061,419"
07/08/2022,"2,902,322"
07/07/2022,"3,115,604"
07/06/2022,"3,066,462"
07/05/2022,"2,802,814"
07/04/2022,"1,608,084"
07/03/2022,"1,654,774"
07/02/2022,"1,847,093"
07/01/2022,"2,827,549"
06/30/2022,"3,151,572"
06/29/2022,"3,249,261"
06/28/2022,"3,248,338"
06/27/2022,"2,932,598"
06/26/2022,"2,011,977"
06/25/2022,"2,286,963"
06/24/2022,"3,296,412"
06/23/2022,"3,407,485"
06/22/2022,"3,357,113"
06/21/2022,"3,339,793"
06/20/2022,"2,460,659"
06/19/2022,"1,725,762"
06/18/2022,"2,186,635"
06/17/2022,"3,247,379"
06/16/2022,"3,409,624"
06/15/2022,"3,526,802"
06/14/2022,"3,494,822"
06/13/2022,"3,168,681"
06/12/2022,"1,674,607"
06/11/2022,"2,231,451"
06/10/2022,"3,376,125"
06/09/2022,"3,297,157"
06/08/2022,"3,492,805"
06/07/2022,"3,392,224"
06/06/2022,"3,092,181"
06/05/2022,"1,724,983"
06/04/2022,"2,178,024"
06/03/2022,"3,283,271"
06/02/2022,"3,351,902"
06/01/2022,"3,381,297"
05/31/2022,"3,176,109"
05/30/2022,"1,694,970"
05/29/2022,"1,755,236"
05/28/2022,"1,872,775"
05/27/2022,"3,031,130"
05/26/2022,"3,341,059"
05/25/2022,"3,426,530"
05/24/2022,"3,378,506"
05/23/2022,"3,111,755"
05/22/2022,"1,760,638"
05/21/2022,"2,324,245"
05/20/2022,"3,271,914"
05/19/2022,"3,467,327"
05/18/2022,"3,605,606"
05/17/2022,"3,536,021"
05/16/2022,"3,080,043"
05/15/2022,"1,760,359"
05/14/2022,"2,149,046"
05/13/2022,"3,252,002"
05/12/2022,"3,430,104"
05/11/2022,"3,440,378"
05/10/2022,"3,412,902"
05/09/2022,"3,114,506"
05/08/2022,"1,582,133"
05/07/2022,"1,842,808"
05/06/2022,"3,190,556"
05/05/2022,"3,502,522"
05/04/2022,"3,364,902"
05/03/2022,"3,402,882"
05/02/2022,"2,732,825"
05/01/2022,"1,683,953"
04/30/2022,"2,108,746"
04/29/2022,"3,257,634"
04/28/2022,"3,404,938"
04/27/2022,"3,432,282"
04/26/2022,"3,281,657"
04/25/2022,"3,026,541"
04/24/2022,"1,655,860"
04/23/2022,"2,109,188"
04/22/2022,"2,985,684"
04/21/2022,"3,033,422"
04/20/2022,"3,098,046"
04/19/2022,"2,962,130"
04/18/2022,"2,676,254"
04/17/2022,"1,512,633"
04/16/2022,"1,986,306"
04/15/2022,"2,761,532"
04/14/2022,"3,297,697"
04/13/2022,"3,220,964"
04/12/2022,"3,078,069"
04/11/2022,"3,205,728"
04/10/2022,"1,707,748"
04/09/2022,"2,190,396"
04/08/2022,"3,347,754"
04/07/2022,"3,307,076"
04/06/2022,"3,311,547"
04/05/2022,"3,356,454"
04/04/2022,"3,127,667"
04/03/2022,"1,463,932"
04/02/2022,"2,128,435"
04/01/2022,"3,237,107"
03/31/2022,"3,323,135"
03/30/2022,"3,336,073"
03/29/2022,"3,291,883"
03/28/2022,"2,989,874"
03/27/2022,"1,534,056"
03/26/2022,"2,024,596"
03/25/2022,"3,218,970"
03/24/2022,"3,212,181"
03/23/2022,"3,275,708"
03/22/2022,"3,276,940"
03/21/2022,"3,034,759"
03/20/2022,"1,656,673"
03/19/2022,"2,001,839"
03/18/2022,"3,275,433"
03/17/2022,"3,175,784"
03/16/2022,"3,332,335"
03/15/2022,"3,275,906"
03/14/2022,"3,008,800"
03/13/2022,"1,479,406"
03/12/2022,"1,663,893"
03/11/2022,"3,195,956"
03/10/2022,"3,339,363"
03/09/2022,"3,113,559"
03/08/2022,"3,244,473"
03/07/2022,"2,980,920"
03/06/2022,"1,444,501"
03/05/2022,"1,955,535"
03/04/2022,"3,077,537"
03/03/2022,"3,207,495"
03/02/2022,"3,208,166"
03/01/2022,"3,138,181"
02/28/2022,"2,915,786"
02/27/2022,"1,403,227"
02/26/2022,"1,824,833"
02/25/2022,"2,575,630"
02/24/2022,"2,858,146"
02/23/2022,"2,894,245"
02/22/2022,"2,669,508"
02/21/2022,"1,942,267"
02/20/2022,"1,477,125"
02/19/2022,"1,792,136"
02/18/2022,"2,953,785"
02/17/2022,"3,109,956"
02/16/2022,"3,100,639"
02/15/2022,"3,030,742"
02/14/2022,"2,907,825"
02/13/2022,"1,349,864"
02/12/2022,"2,026,308"
02/11/2022,"3,015,472"
02/10/2022,"3,112,489"
02/09/2022,"3,088,775"
02/08/2022,"3,016,648"
02/07/2022,"2,784,230"
02/06/2022,"1,323,892"
02/05/2022,"1,792,780"
02/04/2022,"2,725,725"
02/03/2022,"2,914,198"
02/02/2022,"2,940,152"
02/01/2022,"2,635,083"
01/31/2022,"2,575,762"
01/30/2022,"1,262,477"
01/29/2022,"999,347"
01/28/2022,"2,703,403"
01/27/2022,"2,724,979"
01/26/2022,"2,711,803"
01/25/2022,"2,701,246"
01/24/2022,"2,536,827"
01/23/2022,"1,245,716"
01/22/2022,"1,583,650"
01/21/2022,"2,565,781"
01/20/2022,"2,545,486"
01/19/2022,"2,642,129"
01/18/2022,"2,541,044"
01/17/2022,"1,600,048"
01/16/2022,"1,165,626"
01/15/2022,"1,434,676"
01/14/2022,"2,522,972"
01/13/2022,"2,524,197"
01/12/2022,"2,459,224"
01/11/2022,"2,266,378"
01/10/2022,"2,347,323"
01/09/2022,"1,102,472"
01/08/2022,"1,486,065"
01/07/2022,"2,121,941"
01/06/2022,"2,391,176"
01/05/2022,"2,267,942"
01/04/2022,"2,289,352"
01/03/2022,"2,168,229"
01/02/2022,"1,219,735"
01/01/2022,"1,027,918"
12/31/2021,"1,627,589"
12/30/2021,"2,198,415"
12/29/2021,"2,167,077"
12/28/2021,"2,168,419"
12/27/2021,"2,007,649"
12/26/2021,"1,284,738"
12/25/2021,"810,937"
12/24/2021,"1,575,449"
12/23/2021,"2,486,489"
12/22/2021,"2,634,565"
12/21/2021,"2,697,325"
12/20/2021,"2,716,451"
12/19/2021,"1,579,809"
12/18/2021,"1,880,969"
12/17/2021,"3,112,088"
12/16/2021,"3,219,799"
12/15/2021,"3,242,168"
12/14/2021,"3,274,170"
12/13/2021,"3,120,850"
12/12/2021,"1,829,872"
12/11/2021,"2,266,265"
12/10/2021,"3,417,451"
12/09/2021,"3,433,600"
12/08/2021,"3,378,727"
12/07/2021,"3,367,790"
12/06/2021,"3,135,869"
12/05/2021,"1,737,352"
12/04/2021,"2,318,147"
12/03/2021,"3,374,097"
12/02/2021,"3,358,843"
12/01/2021,"3,326,469"
11/30/2021,"3,207,209"
11/29/2021,"2,996,015"
11/28/2021,"1,465,745"
11/27/2021,"1,880,422"
11/26/2021,"2,089,772"
11/25/2021,"1,357,198"
11/24/2021,"3,085,289"
11/23/2021,"3,286,591"
11/22/2021,"3,130,363"
11/21/2021,"1,674,206"
11/20/2021,"2,135,731"
11/19/2021,"3,316,999"
11/18/2021,"3,412,249"
11/17/2021,"3,369,069"
11/16/2021,"3,340,844"
11/15/2021,"3,110,969"
11/14/2021,"1,703,136"
11/13/2021,"2,169,863"
11/12/2021,"3,158,682"
11/11/2021,"2,922,235"
11/10/2021,"3,351,992"
11/09/2021,"3,279,457"
11/08/2021,"3,065,533"
11/07/2021,"1,888,985"
11/06/2021,"2,195,864"
11/05/2021,"3,293,438"
11/04/2021,"3,284,315"
11/03/2021,"3,293,732"
11/02/2021,"2,848,222"
11/01/2021,"3,034,306"
10/31/2021,"1,746,769"
10/30/2021,"2,044,310"
10/29/2021,"3,251,779"
10/28/2021,"3,365,971"
10/27/2021,"3,300,580"
10/26/2021,"2,702,635"
10/25/2021,"2,994,936"
10/24/2021,"1,599,927"
10/23/2021,"2,077,488"
10/22/2021,"3,225,816"
10/21/2021,"3,267,697"
10/20/2021,"3,234,327"
10/19/2021,"3,178,208"
10/18/2021,"2,982,883"
10/17/2021,"1,629,991"
10/16/2021,"2,042,027"
10/15/2021,"3,227,068"
10/14/2021,"3,240,686"
10/13/2021,"3,157,457"
10/12/2021,"3,102,879"
10/11/2021,"2,263,615"
10/10/2021,"1,499,385"
10/09/2021,"2,052,699"
10/08/2021,"3,168,473"
10/07/2021,"3,190,747"
10/06/2021,"3,140,986"
10/05/2021,"3,091,160"
10/04/2021,"2,864,349"
10/03/2021,"1,575,738"
10/02/2021,"2,063,660"
10/01/2021,"3,162,881"
09/30/2021,"3,146,861"
09/29/2021,"3,063,720"
09/28/2021,"2,927,715"
09/27/2021,"2,873,368"
09/26/2021,"1,614,677"
09/25/2021,"2,129,492"
09/24/2021,"3,121,747"
09/23/2021,"3,016,106"
09/22/2021,"3,021,113"
09/21/2021,"3,018,312"
09/20/2021,"2,883,211"
09/19/2021,"1,596,823"
09/18/2021,"2,014,848"
09/17/2021,"3,028,545"
09/16/2021,"2,534,545"
09/15/2021,"2,987,334"
09/14/2021,"3,011,275"
09/13/2021,"2,852,796"
09/12/2021,"1,589,976"
09/11/2021,"1,983,091"
09/10/2021,"2,840,443"
09/09/2021,"2,702,713"
09/08/2021,"2,529,619"
09/07/2021,"2,233,674"
09/06/2021,"1,521,388"
09/05/2021,"1,415,352"
09/04/2021,"1,777,639"
09/03/2021,"2,390,392"
09/02/2021,"1,661,558"
09/01/2021,"2,294,448"
08/31/2021,"2,532,584"
08/30/2021,"2,321,000"
08/29/2021,"1,398,566"
08/28/2021,"1,659,434"
08/27/2021,"2,388,210"
08/26/2021,"2,480,137"
08/25/2021,"2,498,255"
08/24/2021,"2,462,365"
08/23/2021,"2,052,669"
08/22/2021,"745,240"
08/21/2021,"1,715,030"
08/20/2021,"2,456,334"
08/19/2021,"2,439,624"
08/18/2021,"2,445,638"
08/17/2021,"2,427,611"
08/16/2021,"2,287,627"
08/15/2021,"1,430,620"
08/14/2021,"1,718,222"
08/13/2021,"2,430,102"
08/12/2021,"2,448,589"
08/11/2021,"2,475,949"
08/10/2021,"2,442,194"
08/09/2021,"2,289,434"
08/08/2021,"1,333,885"
08/07/2021,"1,780,458"
08/06/2021,"2,519,444"
08/05/2021,"2,529,190"
08/04/2021,"2,529,002"
08/03/2021,"2,483,802"
08/02/2021,"2,333,923"
08/01/2021,"1,351,294"
07/31/2021,"1,841,007"
07/30/2021,"2,557,677"
07/29/2021,"2,428,764"
07/28/2021,"2,534,756"
07/27/2021,"2,487,947"
07/26/2021,"2,318,455"
07/25/2021,"1,364,830"
07/24/2021,"1,852,402"
07/23/2021,"2,552,330"
07/22/2021,"2,582,151"
07/21/2021,"2,504,568"
07/20/2021,"2,462,002"
07/19/2021,"2,327,756"
07/18/2021,"1,405,344"
07/17/2021,"1,717,480"
07/16/2021,"2,536,569"
07/15/2021,"2,581,582"
07/14/2021,"2,517,615"
07/13/2021,"2,457,526"
07/12/2021,"2,245,412"
07/11/2021,"1,365,854"
07/10/2021,"1,781,717"
07/09/2021,"2,318,387"
07/08/2021,"2,364,250"
07/07/2021,"2,437,064"
07/06/2021,"2,302,002"
07/05/2021,"1,495,709"
07/04/2021,"1,468,510"
07/03/2021,"1,541,988"
07/02/2021,"2,296,044"
07/01/2021,"2,292,461"
06/30/2021,"2,346,388"
06/29/2021,"2,343,739"
06/28/2021,"2,252,362"